{
    "loss": 0.19850869476795197,
    "accuracy": 0.9568345546722412
}