{
    "loss": 3.7717514038085938,
    "accuracy": 0.5035971403121948
}